region,station,kind,param,name,from,to
RI,117,Cal,PM25,Alto Hospicio,160209,260919
RII,201,Cal,0001,Gobernacion,040601,260907
RII,201,Cal,PM10,Gobernacion,040601,260919
RII,202,Cal,0001,Escuela Gabriela Mistral,040612,060213
RII,203,Cal,0001,Escuela E-12,040612,060213
RII,203,Cal,PM10,Escuela E-12,040613,060213
RII,204,Cal,PM10,Sierra Gorda ,120911,260918
RII,204,Cal,PM25,Sierra Gorda ,120911,260918
RII,205,Cal,0001,Centro,040301,070404
RII,206,Cal,0001,Sur,040301,070404
RII,206,Cal,PM10,Sur,040302,070403
RII,207,Cal,0001,Ferrocarriles,000301,081231
RII,207,Cal,0003,Ferrocarriles,000301,081231
RII,207,Cal,0008,Ferrocarriles,080301,081231
RII,207,Cal,PM10,Ferrocarriles,000101,091230
RII,209,Cal,0002,Jardin Infantil Integra,000101,260919
RII,209,Cal,0003,Jardin Infantil Integra,000101,260919
RII,209,Cal,0NOX,Jardin Infantil Integra,000101,260919
RII,209,Cal,PM10,Jardin Infantil Integra,020412,091016
RII,210,Cal,PM10,Hospital,000101,091231
RII,211,Cal,PM10,Iglesia,000101,091231
RII,213,Cal,0001,Sur,000101,081231
RII,213,Cal,ARSE,Sur,090101,091230
RII,213,Cal,PM10,Sur,000101,091230
RII,215,Cal,0001,Punto de Maximo Impacto,070701,091231
RII,215,Cal,0002,Punto de Maximo Impacto,000401,091231
RII,215,Cal,0003,Punto de Maximo Impacto,000401,091231
RII,215,Cal,0004,Punto de Maximo Impacto,080101,091231
RII,215,Cal,0008,Punto de Maximo Impacto,080101,091231
RII,215,Cal,0NOX,Punto de Maximo Impacto,000401,091231
RII,215,Cal,PM10,Punto de Maximo Impacto,000229,091224
RII,216,Cal,0001,Paposo,070614,091231
RII,216,Cal,0002,Paposo,000401,091231
RII,216,Cal,0003,Paposo,000401,091231
RII,216,Cal,0004,Paposo,071001,091231
RII,216,Cal,0008,Paposo,071001,091231
RII,216,Cal,0NOX,Paposo,000401,091231
RII,216,Cal,PM10,Paposo,000229,091224
RII,217,Cal,0001,Hospital del Cobre,020124,260919
RII,217,Cal,ARSE,Hospital del Cobre,090101,091230
RII,217,Cal,PM10,Hospital del Cobre,020105,260919
RII,217,Cal,PM25,Hospital del Cobre,200101,260919
RII,218,Cal,0001,Villa Caspana,000601,080407
RII,218,Cal,PM10,Villa Caspana,000102,080406
RII,219,Cal,0001,Aukahuasi,000101,081231
RII,219,Cal,ARSE,Aukahuasi,090101,091230
RII,219,Cal,PM10,Aukahuasi,000102,091230
RII,220,Cal,0001,San Jose,000101,080502
RII,220,Cal,0004,San Jose,070101,071231
RII,220,Cal,PM10,San Jose,000102,080430
RII,221,Cal,0002,Compania de Bomberos,000101,091231
RII,221,Cal,0003,Compania de Bomberos,000101,091231
RII,221,Cal,0004,Compania de Bomberos,000101,091231
RII,221,Cal,0008,Compania de Bomberos,000101,091130
RII,221,Cal,0NOX,Compania de Bomberos,000101,091231
RII,221,Cal,PM10,Compania de Bomberos,000101,091230
RII,222,Cal,0001,Escuela E-10,080101,190716
RII,222,Cal,0002,Escuela E-10,040301,190716
RII,222,Cal,0003,Escuela E-10,000101,190716
RII,222,Cal,0004,Escuela E-10,111206,190716
RII,222,Cal,0008,Escuela E-10,111215,190716
RII,222,Cal,0NOX,Escuela E-10,040301,190716
RII,222,Cal,PM10,Escuela E-10,000103,190716
RII,222,Cal,PM25,Escuela E-10,111206,190716
RII,224,Cal,00Cu,Oncologico,060102,061230
RII,224,Cal,00Pb,Oncologico,060102,070928
RII,224,Cal,ARSE,Oncologico,060102,061230
RII,224,Cal,PM10,Oncologico,060102,091230
RII,224,Cal,PM1D,Oncologico,130101,260728
RII,225,Cal,00Cu,Rendic,060102,061230
RII,225,Cal,00Pb,Rendic,060102,070630
RII,225,Cal,ARSE,Rendic,060102,061230
RII,225,Cal,PM10,Rendic,060102,091230
RII,225,Cal,PM1D,Rendic,130101,230226
RII,226,Cal,PM10,Playa Blanca,070901,091230
RII,227,Cal,0001,Servicio Medico Legal,080411,201103
RII,227,Cal,ARSE,Servicio Medico Legal,090101,091230
RII,227,Cal,PM10,Servicio Medico Legal,080412,091230
RII,228,Cal,0001,Chiu Chiu,080429,190304
RII,228,Cal,ARSE,Chiu Chiu,090101,091230
RII,228,Cal,PM10,Chiu Chiu,080503,091230
RII,230,Cal,PM25,Bomberos,090301,260919
RII,231,Cal,PM10,Tres Marias,110721,260919
RII,231,Cal,PM25,Tres Marias,110721,260919
RII,233,Cal,0001,Club Deportivo 23 de Marzo,181114,260919
RII,233,Cal,PM10,Club Deportivo 23 de Marzo,121201,260919
RII,233,Cal,PM25,Club Deportivo 23 de Marzo,121019,260919
RII,234,Cal,0001,Oasis,120201,260919
RII,235,Cal,PM10,Colegio Pedro Vergara Keller,121201,260919
RII,235,Cal,PM25,Colegio Pedro Vergara Keller,130101,260919
RII,236,Cal,0001,Estacion Centro,121019,251231
RII,236,Cal,0002,Estacion Centro,121023,251231
RII,236,Cal,0003,Estacion Centro,121107,251231
RII,236,Cal,0004,Estacion Centro,121025,251231
RII,236,Cal,0008,Estacion Centro,121107,251231
RII,236,Cal,0NOX,Estacion Centro,121105,251231
RII,236,Cal,PM10,Estacion Centro,121107,251231
RII,236,Cal,PM25,Estacion Centro,121019,251231
RII,237,Cal,0001,Antofagasta,180601,260917
RII,237,Cal,PM10,Antofagasta,130601,260919
RII,237,Cal,PM25,Antofagasta,130601,260919
RII,251,Cal,0001,Super Site,190803,260915
RII,251,Cal,0002,Super Site,190803,260915
RII,251,Cal,0003,Super Site,190803,260915
RII,251,Cal,0004,Super Site,190803,260915
RII,251,Cal,0008,Super Site,190803,260915
RII,251,Cal,0NOX,Super Site,190803,260915
RII,251,Cal,PM10,Super Site,190803,260915
RII,251,Cal,PM25,Super Site,190803,260915
RII,252,Cal,0002,Juan Jose Latorre,190930,260919
RII,252,Cal,0003,Juan Jose Latorre,190930,260709
RII,252,Cal,0NOX,Juan Jose Latorre,190930,260919
RII,253,Cal,0001,Nueva ChiuChiu,190801,260919
RII,253,Cal,PM10,Nueva ChiuChiu,190817,260919
RIII,301,Cal,0001,SM1 ,020101,260919
RIII,302,Cal,0001,SM2,020101,260919
RIII,303,Cal,0001,SM3 ,020101,260919
RIII,304,Cal,0001,SM4 ,020101,260919
RIII,305,Cal,0001,SM5 ,020101,260919
RIII,306,Cal,0001,SM6 ,020101,260919
RIII,307,Cal,0001,SM7 ,020101,260811
RIII,308,Cal,0001,SM8 ,020101,260919
RIII,309,Cal,0001,EME M,000401,260918
RIII,309,Cal,0002,EME M,040101,101231
RIII,309,Cal,0003,EME M,020101,260918
RIII,309,Cal,PM10,EME M,010201,101230
RIII,309,Cal,PM25,EME M,180829,260918
RIII,310,Cal,0001,EME F,020101,260723
RIII,310,Cal,0002,EME F,040101,101231
RIII,310,Cal,0003,EME F,020101,260919
RIII,310,Cal,0004,EME F,180826,260919
RIII,310,Cal,0008,EME F,180825,260919
RIII,310,Cal,PM10,EME F,010201,101230
RIII,310,Cal,PM25,EME F,121101,260919
RIII,311,Cal,0001,Copiapo,930101,250708
RIII,311,Cal,PM10,Copiapo,990201,090331
RIII,312,Cal,0001,Tierra Amarilla,930101,250708
RIII,312,Cal,PM10,Tierra Amarilla,990201,090331
RIII,313,Cal,0001,San Fernando,930101,250708
RIII,313,Cal,PM10,San Fernando,990201,090331
RIII,314,Cal,0001,Paipote,930101,250708
RIII,314,Cal,PM10,Paipote,990201,090331
RIII,315,Cal,0001,Los Volcanes,950701,250708
RIII,315,Cal,PM10,Los Volcanes,030101,031230
RIII,316,Cal,0001,Pabellon,940101,090430
RIII,320,Cal,0001,CAP,020901,101130
RIII,320,Cal,PM10,CAP,020904,101128
RIII,321,Cal,0001,Dona Ines,010601,101130
RIII,321,Cal,PM10,Dona Ines,990114,101128
RIII,324,Cal,0001,EME ME,020201,020227
RIII,329,Cal,0001,Huasco II,170429,260919
RIII,329,Cal,0002,Huasco II,170429,260919
RIII,329,Cal,0003,Huasco II,170429,260919
RIII,329,Cal,0008,Huasco II,170429,260919
RIII,329,Cal,0NOX,Huasco II,211001,260919
RIII,330,Cal,PM10,21 de Mayo,180827,260919
RIII,330,Cal,PM25,21 de Mayo,180827,260919
RIII,332,Cal,0001,Copiapo Sivica,210720,260916
RIII,332,Cal,PM10,Copiapo Sivica,131018,260919
RIII,332,Cal,PM25,Copiapo Sivica,131018,260919
RIII,333,Cal,PM25,Huasco Sivica,041209,260919
RIII,334,Cal,PM10,Chanaral,240401,260919
RIV,401,Cal,PM10,Hotel Mina,060102,100531
RIV,402,Cal,PM10,Chacay,060103,100531
RIV,404,Cal,PM10,Coiron,060102,100531
RIV,405,Cal,PM10,Camisas,060109,100529
RIV,406,Cal,PM10,El Mauro,060503,100529
RIV,407,Cal,PM10,Caimanes,060202,100529
RIV,408,Cal,PM10,Punta Chungo,060103,100529
RIV,409,Cal,PM10,Quelen Alto,060103,100531
RIV,411,Cal,PM10,Chepiquilla,050102,260919
RIV,412,Cal,PM10,El Sauce,090601,190827
RIV,414,Cal,PM10,Hospital,070103,181204
RIV,415,Cal,PM10,Urmeneta - Plaza Centenario,050102,260919
RIV,420,Cal,PM10,Andacollo,090716,260919
RIV,424,Cal,PM10,Cuncumen ,120401,260918
RIV,424,Cal,PM25,Cuncumen ,200101,260918
RIV,425,Cal,PM25,La Serena,131211,260919
RIV,426,Cal,PM25,Coquimbo,131210,260919
RIX,901,Cal,0001,Las Encinas Temuco,050101,140805
RIX,901,Cal,0002,Las Encinas Temuco,040401,090513
RIX,901,Cal,0003,Las Encinas Temuco,040401,140806
RIX,901,Cal,0004,Las Encinas Temuco,040430,260918
RIX,901,Cal,0008,Las Encinas Temuco,050101,140805
RIX,901,Cal,0NOX,Las Encinas Temuco,040401,090519
RIX,901,Cal,PM10,Las Encinas Temuco,010101,260918
RIX,901,Cal,PM25,Las Encinas Temuco,090101,260918
RIX,902,Cal,0002,Padre Las Casas II,120418,260918
RIX,902,Cal,0003,Padre Las Casas II,120330,260918
RIX,902,Cal,0004,Padre Las Casas II,120330,260918
RIX,902,Cal,0NOX,Padre Las Casas II,120418,260918
RIX,902,Cal,PM10,Padre Las Casas II,120322,260918
RIX,902,Cal,PM25,Padre Las Casas II,120322,260918
RIX,903,Cal,PM10,Padre Las Casas,040129,100624
RIX,904,Cal,PM10,Museo Ferroviario,090117,170108
RIX,904,Cal,PM25,Museo Ferroviario,090321,170108
RIX,905,Cal,PM10,Nielol,170511,260918
RIX,905,Cal,PM25,Nielol,170511,260918
RIX,906,Cal,PM25,Villarrica,240301,260918
RM,D11,Cal,0001,Independencia,970620,170108
RM,D11,Cal,0002,Independencia,090326,220809
RM,D11,Cal,0003,Independencia,090326,220731
RM,D11,Cal,0004,Independencia,970405,220807
RM,D11,Cal,0008,Independencia,970402,221231
RM,D11,Cal,0NOX,Independencia,090326,220809
RM,D11,Cal,PM10,Independencia,970402,221115
RM,D11,Cal,PM1D,Independencia,140709,200325
RM,D11,Cal,PM25,Independencia,080509,221115
RM,D11,Cal,PM2D,Independencia,140709,200325
RM,D12,Cal,0001,La Florida (Acreditada),970528,260919
RM,D12,Cal,0002,La Florida (Acreditada),090408,260919
RM,D12,Cal,0003,La Florida (Acreditada),090408,260919
RM,D12,Cal,0004,La Florida (Acreditada),970407,260919
RM,D12,Cal,0008,La Florida (Acreditada),970416,260919
RM,D12,Cal,0NOX,La Florida (Acreditada),090408,260919
RM,D12,Cal,PM10,La Florida (Acreditada),970528,260919
RM,D12,Cal,PM25,La Florida (Acreditada),000101,260919
RM,D13,Cal,0001,Las Condes (Acreditada),970508,090312
RM,D13,Cal,0002,Las Condes (Acreditada),000101,260908
RM,D13,Cal,0003,Las Condes (Acreditada),050114,260919
RM,D13,Cal,0004,Las Condes (Acreditada),970405,260919
RM,D13,Cal,0008,Las Condes (Acreditada),970402,260919
RM,D13,Cal,0NOX,Las Condes (Acreditada),000101,260919
RM,D13,Cal,PM10,Las Condes (Acreditada),970424,260917
RM,D13,Cal,PM1D,Las Condes (Acreditada),150306,230128
RM,D13,Cal,PM25,Las Condes (Acreditada),000101,260919
RM,D13,Cal,PM2D,Las Condes (Acreditada),150306,230212
RM,D14,Cal,0001,Parque O'Higgins,970719,170108
RM,D14,Cal,0002,Parque O'Higgins,090326,260919
RM,D14,Cal,0003,Parque O'Higgins,090326,260919
RM,D14,Cal,0004,Parque O'Higgins,970408,260919
RM,D14,Cal,0008,Parque O'Higgins,970402,260919
RM,D14,Cal,0NOX,Parque O'Higgins,090326,260919
RM,D14,Cal,PM10,Parque O'Higgins,970402,260919
RM,D14,Cal,PM1D,Parque O'Higgins,140709,230212
RM,D14,Cal,PM25,Parque O'Higgins,000101,260919
RM,D14,Cal,PM2D,Parque O'Higgins,140709,230212
RM,D15,Cal,0001,Pudahuel (Acreditada),970729,090302
RM,D15,Cal,0002,Pudahuel (Acreditada),000101,260919
RM,D15,Cal,0003,Pudahuel (Acreditada),040101,260919
RM,D15,Cal,0004,Pudahuel (Acreditada),970410,260919
RM,D15,Cal,0008,Pudahuel (Acreditada),970601,260919
RM,D15,Cal,0NOX,Pudahuel (Acreditada),000101,260919
RM,D15,Cal,PM10,Pudahuel (Acreditada),970404,260919
RM,D15,Cal,PM25,Pudahuel (Acreditada),000101,260919
RM,D16,Cal,0001,Cerrillos I,970711,090303
RM,D16,Cal,0002,Cerrillos I,000101,170109
RM,D16,Cal,0003,Cerrillos I,031215,170111
RM,D16,Cal,0004,Cerrillos I,970517,170111
RM,D16,Cal,0008,Cerrillos I,970402,221231
RM,D16,Cal,0NOX,Cerrillos I,000101,170109
RM,D16,Cal,PM10,Cerrillos I,970403,170111
RM,D16,Cal,PM25,Cerrillos I,080507,170111
RM,D17,Cal,0001,El Bosque (Acreditada),970729,260919
RM,D17,Cal,0002,El Bosque (Acreditada),090324,260919
RM,D17,Cal,0003,El Bosque (Acreditada),090324,260919
RM,D17,Cal,0004,El Bosque (Acreditada),970405,260831
RM,D17,Cal,0008,El Bosque (Acreditada),970402,260919
RM,D17,Cal,0NOX,El Bosque (Acreditada),090324,260919
RM,D17,Cal,PM10,El Bosque (Acreditada),970405,260919
RM,D17,Cal,PM25,El Bosque (Acreditada),080501,260919
RM,D18,Cal,0001,Cerro Navia,010324,090318
RM,D18,Cal,0002,Cerro Navia,090321,260919
RM,D18,Cal,0003,Cerro Navia,090321,260919
RM,D18,Cal,0004,Cerro Navia,010324,260918
RM,D18,Cal,0008,Cerro Navia,010401,260919
RM,D18,Cal,0NOX,Cerro Navia,090321,260919
RM,D18,Cal,PM10,Cerro Navia,010327,260919
RM,D18,Cal,PM25,Cerro Navia,080510,260919
RM,D27,Cal,0001,Puente Alto,090125,220417
RM,D27,Cal,0002,Puente Alto,090125,260919
RM,D27,Cal,0003,Puente Alto,090125,260919
RM,D27,Cal,0004,Puente Alto,090125,260919
RM,D27,Cal,0008,Puente Alto,090123,260919
RM,D27,Cal,0NOX,Puente Alto,090125,260919
RM,D27,Cal,PM10,Puente Alto,080521,260919
RM,D27,Cal,PM25,Puente Alto,080521,260919
RM,D28,Cal,0001,Talagante,090125,211130
RM,D28,Cal,0002,Talagante,090228,211231
RM,D28,Cal,0003,Talagante,090228,211231
RM,D28,Cal,0004,Talagante,090125,211130
RM,D28,Cal,0008,Talagante,090125,221231
RM,D28,Cal,0NOX,Talagante,090228,211231
RM,D28,Cal,PM10,Talagante,080526,260919
RM,D28,Cal,PM25,Talagante,080526,260919
RM,D29,Cal,0001,Quilicura I,090201,160801
RM,D29,Cal,0002,Quilicura I,090123,160519
RM,D29,Cal,0003,Quilicura I,090123,160519
RM,D29,Cal,0004,Quilicura I,090123,160519
RM,D29,Cal,0008,Quilicura I,090123,221231
RM,D29,Cal,0NOX,Quilicura I,090125,160519
RM,D29,Cal,PM10,Quilicura I,080519,160523
RM,D29,Cal,PM25,Quilicura I,080519,160629
RM,D30,Cal,PM10,Quilicura,160205,260919
RM,D30,Cal,PM25,Quilicura,160422,260919
RM,D31,Cal,PM10,Cerrillos,170527,220424
RM,D31,Cal,PM25,Cerrillos,170527,220424
RM,D32,Cal,PM1D,La Pintana,130103,230212
RM,D35,Cal,PM10,Cerrillos II,220401,260919
RM,D35,Cal,PM25,Cerrillos II,220401,260919
RV,501,Cal,0001,Campiche,130101,260919
RV,501,Cal,0002,Campiche,000510,260919
RV,501,Cal,0003,Campiche,000510,260919
RV,501,Cal,0004,Campiche,130101,260919
RV,501,Cal,0008,Campiche,000510,260919
RV,501,Cal,0CH4,Campiche,020622,260919
RV,501,Cal,0NOX,Campiche,020622,260919
RV,501,Cal,NMHC,Campiche,000510,260919
RV,501,Cal,PM10,Campiche,000403,081229
RV,501,Cal,THCM,Campiche,000510,260919
RV,502,Cal,0002,Terminal Concentrados,020122,050126
RV,502,Cal,0003,Terminal Concentrados,020122,050126
RV,502,Cal,0008,Terminal Concentrados,020122,020501
RV,502,Cal,0CH4,Terminal Concentrados,020122,020501
RV,502,Cal,0NOX,Terminal Concentrados,020122,050126
RV,502,Cal,NMHC,Terminal Concentrados,020122,020501
RV,502,Cal,PM10,Terminal Concentrados,000403,081229
RV,502,Cal,THCM,Terminal Concentrados,020122,020501
RV,503,Cal,0001,La Greda,930101,260919
RV,503,Cal,0002,La Greda,090901,260919
RV,503,Cal,0003,La Greda,090901,260919
RV,503,Cal,0008,La Greda,100130,260919
RV,503,Cal,0NOX,La Greda,090901,260919
RV,503,Cal,PM10,La Greda,930101,260919
RV,503,Cal,PM25,La Greda,120729,260919
RV,504,Cal,0001,Los Maitenes,930331,260919
RV,504,Cal,0002,Los Maitenes,090901,260919
RV,504,Cal,0003,Los Maitenes,090901,260919
RV,504,Cal,0004,Los Maitenes,090901,260919
RV,504,Cal,0008,Los Maitenes,090901,260919
RV,504,Cal,0CH4,Los Maitenes,100101,260919
RV,504,Cal,0NOX,Los Maitenes,090901,260919
RV,504,Cal,NMHC,Los Maitenes,100324,260919
RV,504,Cal,PM10,Los Maitenes,940102,260919
RV,504,Cal,PM25,Los Maitenes,120729,260919
RV,504,Cal,THCM,Los Maitenes,100101,260919
RV,505,Cal,0001,Puchuncavi,930101,260919
RV,505,Cal,0002,Puchuncavi,090901,260919
RV,505,Cal,0003,Puchuncavi,860508,260919
RV,505,Cal,0008,Puchuncavi,100130,260919
RV,505,Cal,0NOX,Puchuncavi,090901,260919
RV,505,Cal,PM10,Puchuncavi,930103,260919
RV,505,Cal,PM25,Puchuncavi,160123,260919
RV,506,Cal,0001,Sur,930108,260919
RV,506,Cal,0002,Sur,100201,260919
RV,506,Cal,0003,Sur,100201,260919
RV,506,Cal,0004,Sur,100201,260919
RV,506,Cal,0008,Sur,100201,260919
RV,506,Cal,0CH4,Sur,100318,260919
RV,506,Cal,0NOX,Sur,100201,260919
RV,506,Cal,NMHC,Sur,100318,260919
RV,506,Cal,PM10,Sur,940102,260919
RV,506,Cal,THCM,Sur,100318,260919
RV,507,Cal,0001,Valle Alegre,930101,260919
RV,507,Cal,0002,Valle Alegre,090901,260919
RV,507,Cal,0003,Valle Alegre,090901,260919
RV,507,Cal,0008,Valle Alegre,100201,260919
RV,507,Cal,0NOX,Valle Alegre,090901,260919
RV,507,Cal,PM10,Valle Alegre,930101,260919
RV,509,Cal,0001,Concon,990101,260919
RV,509,Cal,0002,Concon,020202,260919
RV,509,Cal,0003,Concon,020202,260919
RV,509,Cal,0004,Concon,020202,260919
RV,509,Cal,0008,Concon,020202,260919
RV,509,Cal,0CH4,Concon,020202,260919
RV,509,Cal,0NOX,Concon,020202,260919
RV,509,Cal,NMHC,Concon,020202,260919
RV,509,Cal,PM10,Concon,990103,260919
RV,509,Cal,PM25,Concon,030103,260919
RV,509,Cal,THCM,Concon,020202,260919
RV,510,Cal,0001,Concon sur,020501,060228
RV,510,Cal,PM10,Concon sur,020502,060204
RV,511,Cal,0001,Colmo,020501,260919
RV,511,Cal,0002,Colmo,020501,260919
RV,511,Cal,0003,Colmo,020501,260919
RV,511,Cal,0004,Colmo,160219,260919
RV,511,Cal,0008,Colmo,020501,260919
RV,511,Cal,0CH4,Colmo,020501,260919
RV,511,Cal,0NOX,Colmo,020501,260919
RV,511,Cal,NMHC,Colmo,020501,260919
RV,511,Cal,PM10,Colmo,020502,120331
RV,511,Cal,THCM,Colmo,020501,260919
RV,512,Cal,0001,Las Gaviotas,020501,260919
RV,512,Cal,0004,Las Gaviotas,160101,260919
RV,512,Cal,0CH4,Las Gaviotas,160301,260919
RV,512,Cal,NMHC,Las Gaviotas,160301,260919
RV,512,Cal,PM10,Las Gaviotas,100824,120331
RV,512,Cal,THCM,Las Gaviotas,160301,260919
RV,513,Cal,0001,Cuerpo de Bomberos ,981015,260919
RV,513,Cal,0002,Cuerpo de Bomberos ,981015,260919
RV,513,Cal,0003,Cuerpo de Bomberos ,981015,260919
RV,513,Cal,0004,Cuerpo de Bomberos ,001201,260919
RV,513,Cal,0008,Cuerpo de Bomberos ,981015,260919
RV,513,Cal,0CH4,Cuerpo de Bomberos ,080101,260919
RV,513,Cal,0NOX,Cuerpo de Bomberos ,090101,260919
RV,513,Cal,NMHC,Cuerpo de Bomberos ,001101,260919
RV,513,Cal,PM10,Cuerpo de Bomberos ,981015,260919
RV,513,Cal,PM25,Cuerpo de Bomberos ,190401,260919
RV,513,Cal,THCM,Cuerpo de Bomberos ,001101,260919
RV,514,Cal,0001,San Pedro,981015,260919
RV,514,Cal,0002,San Pedro,981015,260919
RV,514,Cal,0003,San Pedro,981015,260919
RV,514,Cal,0004,San Pedro,001201,260919
RV,514,Cal,0008,San Pedro,981015,260919
RV,514,Cal,0CH4,San Pedro,070801,260919
RV,514,Cal,0NOX,San Pedro,070801,260919
RV,514,Cal,NMHC,San Pedro,991230,260919
RV,514,Cal,PM10,San Pedro,981015,260919
RV,514,Cal,PM25,San Pedro,190401,260919
RV,514,Cal,THCM,San Pedro,991230,260919
RV,515,Cal,0001,La Palma,990206,260917
RV,515,Cal,0002,La Palma,990206,260917
RV,515,Cal,0003,La Palma,990206,260917
RV,515,Cal,0004,La Palma,001201,260917
RV,515,Cal,0008,La Palma,990206,260917
RV,515,Cal,0CH4,La Palma,070803,260917
RV,515,Cal,0NOX,La Palma,090101,260917
RV,515,Cal,NMHC,La Palma,001104,260917
RV,515,Cal,PM10,La Palma,990206,260917
RV,515,Cal,PM25,La Palma,200422,260917
RV,515,Cal,THCM,La Palma,001104,260917
RV,517,Cal,0001,La Calera,990601,101231
RV,517,Cal,0002,La Calera,990601,101231
RV,517,Cal,0003,La Calera,990601,101231
RV,517,Cal,0008,La Calera,051001,101231
RV,517,Cal,PM10,La Calera,990601,101231
RV,518,Cal,0001,Rural 1,990601,101231
RV,518,Cal,0002,Rural 1,990601,101231
RV,518,Cal,0003,Rural 1,990601,101231
RV,518,Cal,0008,Rural 1,990601,101231
RV,518,Cal,0CH4,Rural 1,100701,100731
RV,518,Cal,PM10,Rural 1,990610,101231
RV,519,Cal,0001,"La Cruz, Melon",031224,081231
RV,519,Cal,0008,"La Cruz, Melon",031225,081231
RV,519,Cal,PM10,"La Cruz, Melon",040101,091230
RV,521,Cal,0001,Lo Campo,000801,260919
RV,521,Cal,PM10,Lo Campo,000801,091230
RV,522,Cal,0001,Catemu,000101,260919
RV,522,Cal,PM10,Catemu,000801,091230
RV,523,Cal,0001,Romeral,000101,260919
RV,524,Cal,0001,Santa Margarita,000101,260919
RV,525,Cal,PM10,ARMAT,020118,091230
RV,529,Cal,0001,Vina del Mar,040709,090525
RV,529,Cal,0002,Vina del Mar,041101,080901
RV,529,Cal,0003,Vina del Mar,041101,080901
RV,529,Cal,0004,Vina del Mar,040709,090814
RV,529,Cal,0008,Vina del Mar,040709,161231
RV,529,Cal,0NOX,Vina del Mar,041101,080901
RV,529,Cal,PM10,Vina del Mar,040709,260919
RV,529,Cal,PM25,Vina del Mar,080724,260919
RV,532,Cal,0002,Los Andes,190828,260919
RV,532,Cal,0003,Los Andes,190828,260919
RV,532,Cal,0008,Los Andes,170617,260919
RV,532,Cal,0NOX,Los Andes,190828,260919
RV,532,Cal,PM10,Los Andes,080101,101106
RV,532,Cal,PM25,Los Andes,080801,090113
RV,533,Cal,0001,Manzanar,071222,101130
RV,533,Cal,0002,Manzanar,071222,101124
RV,533,Cal,0003,Manzanar,071222,101124
RV,533,Cal,0004,Manzanar,071222,101130
RV,533,Cal,0008,Manzanar,071222,101130
RV,533,Cal,0CH4,Manzanar,080501,101130
RV,533,Cal,0NOX,Manzanar,071222,101124
RV,533,Cal,NMHC,Manzanar,080501,081231
RV,533,Cal,PM10,Manzanar,071222,101130
RV,533,Cal,THCM,Manzanar,080501,081231
RV,534,Cal,0001,"La Cruz, Colbun",071201,101231
RV,534,Cal,0002,"La Cruz, Colbun",071201,081231
RV,534,Cal,0003,"La Cruz, Colbun",071201,081231
RV,534,Cal,0004,"La Cruz, Colbun",071201,081231
RV,534,Cal,0008,"La Cruz, Colbun",080101,101231
RV,534,Cal,0CH4,"La Cruz, Colbun",071207,081231
RV,534,Cal,0NOX,"La Cruz, Colbun",071201,081231
RV,534,Cal,NMHC,"La Cruz, Colbun",071207,081231
RV,534,Cal,PM10,"La Cruz, Colbun",071201,081231
RV,534,Cal,THCM,"La Cruz, Colbun",071207,081231
RV,535,Cal,0001,Junta de Vecinos,020501,260919
RV,535,Cal,0004,Junta de Vecinos,160219,260919
RV,535,Cal,0CH4,Junta de Vecinos,160301,260919
RV,535,Cal,NMHC,Junta de Vecinos,160301,260919
RV,535,Cal,PM10,Junta de Vecinos,060303,120331
RV,535,Cal,THCM,Junta de Vecinos,160201,260919
RV,539,Cal,0001,Centro Quintero,120623,260919
RV,539,Cal,0002,Centro Quintero,120623,260919
RV,539,Cal,0003,Centro Quintero,120623,260919
RV,539,Cal,0004,Centro Quintero,120623,260919
RV,539,Cal,0008,Centro Quintero,120623,260919
RV,539,Cal,0CH4,Centro Quintero,140617,260919
RV,539,Cal,0NOX,Centro Quintero,120623,260919
RV,539,Cal,NMHC,Centro Quintero,160801,260919
RV,539,Cal,PM10,Centro Quintero,190710,260919
RV,539,Cal,PM25,Centro Quintero,190710,260919
RV,539,Cal,THCM,Centro Quintero,140330,260919
RV,540,Cal,0001,Quintero,080501,260919
RV,540,Cal,0002,Quintero,141031,260919
RV,540,Cal,0003,Quintero,141031,260919
RV,540,Cal,0004,Quintero,160201,260919
RV,540,Cal,0008,Quintero,141031,260919
RV,540,Cal,0NOX,Quintero,141031,260919
RV,540,Cal,PM10,Quintero,150224,260919
RV,540,Cal,PM25,Quintero,160121,260919
RV,547,Cal,0001,Loncura,120102,260919
RV,547,Cal,0002,Loncura,120101,260919
RV,547,Cal,0003,Loncura,120101,260919
RV,547,Cal,0004,Loncura,121013,260919
RV,547,Cal,0008,Loncura,120101,260919
RV,547,Cal,0CH4,Loncura,180915,260919
RV,547,Cal,0NOX,Loncura,181201,260919
RV,547,Cal,NMHC,Loncura,190823,260919
RV,547,Cal,PM10,Loncura,120101,260919
RV,547,Cal,PM25,Loncura,151117,260919
RV,547,Cal,THCM,Loncura,180915,260919
RV,548,Cal,0001,Ventanas,130101,260919
RV,548,Cal,0002,Ventanas,130313,260919
RV,548,Cal,0003,Ventanas,130101,260919
RV,548,Cal,0008,Ventanas,130101,260919
RV,548,Cal,0CH4,Ventanas,170901,260919
RV,548,Cal,0NOX,Ventanas,130313,260919
RV,548,Cal,NMHC,Ventanas,170831,260919
RV,548,Cal,PM10,Ventanas,130101,260919
RV,548,Cal,PM25,Ventanas,130101,260919
RV,548,Cal,THCM,Ventanas,170901,260919
RV,549,Cal,PM10,Quilpue,131204,161012
RV,549,Cal,PM25,Quilpue,131204,161012
RV,550,Cal,PM25,Valparaiso,131108,260919
RV,551,Cal,PM10,Quilpue Gimnasio,230901,260916
RV,551,Cal,PM25,Quilpue Gimnasio,230901,260916
RV,560,Cal,PM25,Concon MMA,171220,260919
RVI,601,Cal,0001,Codegua,010403,190227
RVI,601,Cal,0002,Codegua,010403,190227
RVI,601,Cal,0003,Codegua,010403,190227
RVI,601,Cal,0004,Codegua,030806,181223
RVI,601,Cal,0008,Codegua,010403,190227
RVI,601,Cal,0CH4,Codegua,040214,190227
RVI,601,Cal,0NOX,Codegua,030101,120721
RVI,601,Cal,NMHC,Codegua,040214,090303
RVI,601,Cal,PM10,Codegua,010401,190227
RVI,601,Cal,THCM,Codegua,040214,190227
RVI,602,Cal,0001,San Francisco de Mostazal,040123,190227
RVI,602,Cal,0002,San Francisco de Mostazal,040124,190212
RVI,602,Cal,0003,San Francisco de Mostazal,040124,190227
RVI,602,Cal,0004,San Francisco de Mostazal,040124,190218
RVI,602,Cal,0008,San Francisco de Mostazal,040124,190225
RVI,602,Cal,0CH4,San Francisco de Mostazal,040401,190227
RVI,602,Cal,0NOX,San Francisco de Mostazal,040124,120803
RVI,602,Cal,NMHC,San Francisco de Mostazal,040401,091204
RVI,602,Cal,PM10,San Francisco de Mostazal,040123,190227
RVI,602,Cal,THCM,San Francisco de Mostazal,040401,190227
RVI,603,Cal,0001,Casas de Peuco,040201,190228
RVI,603,Cal,0002,Casas de Peuco,040101,190221
RVI,603,Cal,0003,Casas de Peuco,040101,190228
RVI,603,Cal,0004,Casas de Peuco,040121,190218
RVI,603,Cal,0008,Casas de Peuco,040101,190228
RVI,603,Cal,0CH4,Casas de Peuco,040101,190228
RVI,603,Cal,0NOX,Casas de Peuco,040121,120806
RVI,603,Cal,NMHC,Casas de Peuco,040122,091204
RVI,603,Cal,PM10,Casas de Peuco,040123,190228
RVI,603,Cal,THCM,Casas de Peuco,040121,190228
RVI,604,Cal,0001,Coya Poblacion,000101,260919
RVI,604,Cal,PM10,Coya Poblacion,030401,150531
RVI,605,Cal,0001,Cipreses,000101,260909
RVI,606,Cal,0001,Cauquenes,000101,260919
RVI,608,Cal,0001,Sewell,040101,051231
RVI,608,Cal,PM10,Sewell,080201,080402
RVI,609,Cal,0001,Rancagua I,040401,260916
RVI,609,Cal,0002,Rancagua I,040401,100311
RVI,609,Cal,0003,Rancagua I,040401,100311
RVI,609,Cal,0004,Rancagua I,991230,260916
RVI,609,Cal,0008,Rancagua I,040401,100429
RVI,609,Cal,0NOX,Rancagua I,040401,100429
RVI,609,Cal,PM10,Rancagua I,040401,260919
RVI,609,Cal,PM25,Rancagua I,080704,260919
RVI,611,Cal,0008,Rengo,070401,260919
RVI,611,Cal,PM10,Rengo,070401,260919
RVI,611,Cal,PM25,Rengo,161122,260919
RVI,612,Cal,0008,San Fernando,070401,260919
RVI,612,Cal,PM10,San Fernando,070401,260919
RVI,612,Cal,PM25,San Fernando,160316,260919
RVI,613,Cal,0001,MVC,080701,170122
RVI,613,Cal,0002,MVC,130803,170122
RVI,613,Cal,0003,MVC,080709,170122
RVI,613,Cal,0004,MVC,080701,170122
RVI,613,Cal,0008,MVC,080703,170122
RVI,613,Cal,0NOX,MVC,130803,170122
RVI,613,Cal,PM10,MVC,080704,151015
RVI,614,Cal,0001,Totihue,081001,090630
RVI,614,Cal,0003,Totihue,081001,090630
RVI,614,Cal,0004,Totihue,081001,090630
RVI,614,Cal,0008,Totihue,060701,090630
RVI,614,Cal,PM10,Totihue,060701,090630
RVI,615,Cal,PM10,Rancagua II,120602,260919
RVI,615,Cal,PM25,Rancagua II,120602,260919
RVII,703,Cal,0001,La Florida,130321,260919
RVII,703,Cal,0002,La Florida,130401,260919
RVII,703,Cal,0003,La Florida,991231,260919
RVII,703,Cal,0004,La Florida,130321,260919
RVII,703,Cal,0008,La Florida,130321,260919
RVII,703,Cal,0NOX,La Florida,130401,260916
RVII,703,Cal,PM10,La Florida,040102,260919
RVII,703,Cal,PM25,La Florida,040102,260919
RVII,704,Cal,0001,"Teno, CEMENTOS BIO BIO",090201,090531
RVII,704,Cal,0002,"Teno, CEMENTOS BIO BIO",090201,090531
RVII,704,Cal,0003,"Teno, CEMENTOS BIO BIO",090201,090531
RVII,704,Cal,0004,"Teno, CEMENTOS BIO BIO",090201,090531
RVII,704,Cal,0NOX,"Teno, CEMENTOS BIO BIO",090201,090531
RVII,704,Cal,PM10,"Teno, CEMENTOS BIO BIO",090201,090531
RVII,705,Cal,0001,"Teno, ENLASA",090601,090630
RVII,705,Cal,0003,"Teno, ENLASA",090601,090630
RVII,705,Cal,0004,"Teno, ENLASA",090601,090630
RVII,705,Cal,0008,"Teno, ENLASA",090601,090630
RVII,706,Cal,PM10,El Boldo,080101,091129
RVII,706,Cal,PM25,El Boldo,080101,091129
RVII,709,Cal,PM10,Curico,120708,260919
RVII,709,Cal,PM25,Curico,120708,260919
RVII,710,Cal,PM10,U.C. Maule,130322,260919
RVII,710,Cal,PM25,U.C. Maule,130322,260919
RVII,711,Cal,PM10,Universidad de Talca,130321,260919
RVII,711,Cal,PM25,Universidad de Talca,130321,260919
RVII,713,Cal,PM25,Linares,150507,260919
RVII,714,Cal,PM10,Cauquenes Sivica,210319,260919
RVII,714,Cal,PM25,Cauquenes Sivica,210319,260919
RVIII,801,Cal,0001,"San Vicente, Bomberos",090814,130823
RVIII,802,Cal,0001,Consultorio - San Vicente,161020,260919
RVIII,802,Cal,0002,Consultorio - San Vicente,161022,260917
RVIII,802,Cal,0003,Consultorio - San Vicente,161022,260917
RVIII,802,Cal,0NOX,Consultorio - San Vicente,161022,260918
RVIII,802,Cal,PM10,Consultorio - San Vicente,100921,260919
RVIII,802,Cal,PM25,Consultorio - San Vicente,090912,260919
RVIII,803,Cal,PM10,Libertad,000602,090630
RVIII,803,Cal,PM25,Libertad,000602,090630
RVIII,804,Cal,0001,JUNJI,000414,260919
RVIII,804,Cal,0003,JUNJI,101003,260919
RVIII,804,Cal,0004,JUNJI,101003,260919
RVIII,804,Cal,0008,JUNJI,101003,260919
RVIII,804,Cal,PM10,JUNJI,040311,260919
RVIII,804,Cal,PM25,JUNJI,111229,260919
RVIII,805,Cal,0001,Bocatoma,160506,260919
RVIII,805,Cal,PM10,Bocatoma,050628,260919
RVIII,805,Cal,PM25,Bocatoma,160506,260919
RVIII,806,Cal,0001,Inpesca,061103,260919
RVIII,806,Cal,PM10,Inpesca,040312,260919
RVIII,806,Cal,PM25,Inpesca,120701,260919
RVIII,807,Cal,0001,Indura,080511,260919
RVIII,807,Cal,0003,Indura,080101,260919
RVIII,807,Cal,0004,Indura,101003,260919
RVIII,807,Cal,0008,Indura,101003,260919
RVIII,807,Cal,PM10,Indura,040301,260919
RVIII,807,Cal,PM25,Indura,170215,260919
RVIII,809,Cal,0001,Calabozo,120322,260919
RVIII,810,Cal,0004,"INIA, Chillan",090107,090827
RVIII,810,Cal,PM10,"INIA, Chillan",080101,260919
RVIII,810,Cal,PM25,"INIA, Chillan",080913,260919
RVIII,816,Cal,0001,Coronel Sur,061122,260919
RVIII,816,Cal,0002,Coronel Sur,120322,260919
RVIII,816,Cal,0003,Coronel Sur,061122,260919
RVIII,816,Cal,0004,Coronel Sur,061122,260919
RVIII,816,Cal,0008,Coronel Sur,061122,260919
RVIII,816,Cal,0CH4,Coronel Sur,120322,260919
RVIII,816,Cal,0NOX,Coronel Sur,061122,260919
RVIII,816,Cal,NMHC,Coronel Sur,190820,260919
RVIII,816,Cal,PM10,Coronel Sur,120322,260919
RVIII,816,Cal,THCM,Coronel Sur,120322,260919
RVIII,818,Cal,0001,Club de Empleados,190325,260919
RVIII,818,Cal,0002,Club de Empleados,190325,260919
RVIII,818,Cal,0003,Club de Empleados,190325,260919
RVIII,818,Cal,0004,Club de Empleados,190325,260919
RVIII,818,Cal,0008,Club de Empleados,190325,260919
RVIII,818,Cal,PM10,Club de Empleados,190325,260919
RVIII,818,Cal,PM25,Club de Empleados,190325,260919
RVIII,819,Cal,0001,MASISA Mapal,051108,230713
RVIII,819,Cal,PM10,MASISA Mapal,051108,240327
RVIII,826,Cal,0001,Laja,190718,260919
RVIII,826,Cal,0002,Laja,190718,260919
RVIII,826,Cal,0003,Laja,190718,260919
RVIII,826,Cal,0004,Laja,190718,260919
RVIII,826,Cal,0008,Laja,190718,260919
RVIII,826,Cal,PM10,Laja,190718,260919
RVIII,826,Cal,PM25,Laja,190718,260919
RVIII,827,Cal,0001,Kingston College,161223,260916
RVIII,827,Cal,0002,Kingston College,090812,260916
RVIII,827,Cal,0003,Kingston College,090812,260916
RVIII,827,Cal,0004,Kingston College,090812,260919
RVIII,827,Cal,0008,Kingston College,090812,260919
RVIII,827,Cal,0NOX,Kingston College,090812,260918
RVIII,827,Cal,PM10,Kingston College,090814,260919
RVIII,827,Cal,PM25,Kingston College,090812,260919
RVIII,830,Cal,0001,Liceo Polivalente,161027,260917
RVIII,830,Cal,0002,Liceo Polivalente,090811,260916
RVIII,830,Cal,0003,Liceo Polivalente,090827,260916
RVIII,830,Cal,0008,Liceo Polivalente,090811,260919
RVIII,830,Cal,0NOX,Liceo Polivalente,090811,260919
RVIII,830,Cal,PM10,Liceo Polivalente,091007,260919
RVIII,830,Cal,PM25,Liceo Polivalente,090811,260919
RVIII,831,Cal,0001,Cerro Merquin,100928,161027
RVIII,831,Cal,PM10,Cerro Merquin,091007,260919
RVIII,831,Cal,PM25,Cerro Merquin,091007,260919
RVIII,832,Cal,0001,Balneario Curanilahue,090814,131014
RVIII,832,Cal,PM10,Balneario Curanilahue,130101,170101
RVIII,832,Cal,PM25,Balneario Curanilahue,141130,260919
RVIII,833,Cal,PM10,"Meteorologica, Chiguayante",090809,091003
RVIII,833,Cal,PM25,"Meteorologica, Chiguayante",090809,090909
RVIII,836,Cal,PM10,"CESFAM, Los Angeles",080102,120309
RVIII,837,Cal,0001,Nueva Libertad,091023,260919
RVIII,837,Cal,0002,Nueva Libertad,091023,260919
RVIII,837,Cal,0003,Nueva Libertad,140121,260919
RVIII,837,Cal,0004,Nueva Libertad,091023,260919
RVIII,837,Cal,0008,Nueva Libertad,150729,260919
RVIII,837,Cal,0CH4,Nueva Libertad,120801,140119
RVIII,837,Cal,0NOX,Nueva Libertad,091023,260919
RVIII,837,Cal,PM10,Nueva Libertad,091023,260919
RVIII,837,Cal,PM25,Nueva Libertad,091023,260919
RVIII,837,Cal,THCM,Nueva Libertad,120801,151228
RVIII,838,Cal,0001,ENAP Price,080522,260919
RVIII,838,Cal,0003,ENAP Price,101003,260919
RVIII,838,Cal,0004,ENAP Price,101003,260919
RVIII,838,Cal,0008,ENAP Price,101003,260919
RVIII,838,Cal,PM10,ENAP Price,101003,260916
RVIII,838,Cal,PM25,ENAP Price,121201,260919
RVIII,841,Cal,0001,Hualqui,161125,260918
RVIII,841,Cal,0002,Hualqui,161125,260918
RVIII,841,Cal,0003,Hualqui,161125,260918
RVIII,841,Cal,0008,Hualqui,130411,260919
RVIII,841,Cal,0NOX,Hualqui,161125,260918
RVIII,841,Cal,PM10,Hualqui,161126,260919
RVIII,841,Cal,PM25,Hualqui,161126,260919
RVIII,846,Cal,0001,Nueva  Aldea,141220,171201
RVIII,846,Cal,0003,Nueva  Aldea,141220,171201
RVIII,846,Cal,0004,Nueva  Aldea,150105,171201
RVIII,846,Cal,0008,Nueva  Aldea,141220,171201
RVIII,846,Cal,PM10,Nueva  Aldea,141220,171201
RVIII,850,Cal,0001,Quillon,141220,171201
RVIII,850,Cal,0003,Quillon,141220,171201
RVIII,850,Cal,0004,Quillon,141220,171201
RVIII,850,Cal,0008,Quillon,141220,171201
RVIII,852,Cal,PM10,Entre Rios,180326,260919
RVIII,854,Cal,0001,Punteras,161026,260919
RVIII,854,Cal,0002,Punteras,161025,260916
RVIII,854,Cal,0003,Punteras,161025,260916
RVIII,854,Cal,0NOX,Punteras,161025,260918
RVIII,854,Cal,PM10,Punteras,091009,260919
RVIII,854,Cal,PM25,Punteras,091006,260919
RVIII,859,Cal,0001,Lota rural,110601,260919
RVIII,859,Cal,0002,Lota rural,110601,231020
RVIII,859,Cal,0003,Lota rural,110601,260919
RVIII,859,Cal,0004,Lota rural,110601,260919
RVIII,859,Cal,0008,Lota rural,110601,260919
RVIII,859,Cal,0NOX,Lota rural,110601,231023
RVIII,859,Cal,PM10,Lota rural,110601,260919
RVIII,859,Cal,PM25,Lota rural,150804,260919
RVIII,860,Cal,0001,Lota urbana,110601,260919
RVIII,860,Cal,0002,Lota urbana,110601,231023
RVIII,860,Cal,0003,Lota urbana,110601,260919
RVIII,860,Cal,0004,Lota urbana,110601,260919
RVIII,860,Cal,0008,Lota urbana,110601,260919
RVIII,860,Cal,0NOX,Lota urbana,110601,231023
RVIII,860,Cal,PM10,Lota urbana,110601,260919
RVIII,860,Cal,PM25,Lota urbana,150804,260919
RVIII,870,Cal,0001,Lautaro,200208,260919
RVIII,870,Cal,0002,Lautaro,200208,260919
RVIII,870,Cal,0003,Lautaro,200208,260919
RVIII,870,Cal,0004,Lautaro,200208,260919
RVIII,870,Cal,0008,Lautaro,200208,260919
RVIII,870,Cal,PM10,Lautaro,200208,260919
RVIII,870,Cal,PM25,Lautaro,190430,260919
RVIII,871,Cal,0001,Cayumanqui,141221,171201
RVIII,873,Cal,PM10,Puren,120316,260919
RVIII,873,Cal,PM25,Puren,120316,260919
RVIII,874,Cal,PM10,Los Angeles Oriente,120525,260919
RVIII,874,Cal,PM25,Los Angeles Oriente,120525,260919
RVIII,875,Cal,PM10,21 de mayo,120414,260919
RVIII,875,Cal,PM25,21 de mayo,120414,260919
RVIII,876,Cal,0001,Colicheu,120316,180816
RVIII,876,Cal,0002,Colicheu,120404,180816
RVIII,876,Cal,0003,Colicheu,120316,170727
RVIII,876,Cal,0004,Colicheu,120316,180816
RVIII,876,Cal,0008,Colicheu,120316,180816
RVIII,876,Cal,0CH4,Colicheu,120316,160717
RVIII,876,Cal,0NOX,Colicheu,120316,170727
RVIII,876,Cal,NMHC,Colicheu,120410,180816
RVIII,876,Cal,PM10,Colicheu,120316,180816
RVIII,876,Cal,THCM,Colicheu,121201,160523
RVIII,878,Cal,0001,Coronel Norte,191130,260919
RVIII,878,Cal,0002,Coronel Norte,191130,260919
RVIII,878,Cal,0003,Coronel Norte,191130,260919
RVIII,878,Cal,0004,Coronel Norte,191130,260919
RVIII,878,Cal,0008,Coronel Norte,191130,260919
RVIII,878,Cal,0NOX,Coronel Norte,191130,260919
RVIII,878,Cal,PM10,Coronel Norte,191130,260919
RVIII,878,Cal,PM25,Coronel Norte,191130,260919
RVIII,879,Cal,0001,"Lagunillas, ENEL",201225,260919
RVIII,879,Cal,0002,"Lagunillas, ENEL",201225,231023
RVIII,879,Cal,0003,"Lagunillas, ENEL",201225,260919
RVIII,879,Cal,0004,"Lagunillas, ENEL",201225,260919
RVIII,879,Cal,0008,"Lagunillas, ENEL",201225,260919
RVIII,879,Cal,0NOX,"Lagunillas, ENEL",201225,231023
RVIII,879,Cal,PM10,"Lagunillas, ENEL",201225,260919
RVIII,879,Cal,PM25,"Lagunillas, ENEL",201225,260919
RVIII,880,Cal,0001,"Escuadron, ENEL",201226,231023
RVIII,880,Cal,0002,"Escuadron, ENEL",210325,231022
RVIII,880,Cal,0003,"Escuadron, ENEL",220117,260918
RVIII,880,Cal,0004,"Escuadron, ENEL",201225,260919
RVIII,880,Cal,0008,"Escuadron, ENEL",201225,260919
RVIII,880,Cal,0NOX,"Escuadron, ENEL",220117,231023
RVIII,880,Cal,PM10,"Escuadron, ENEL",201225,260919
RVIII,880,Cal,PM25,"Escuadron, ENEL",201225,260919
RVIII,881,Cal,PM10,"Escuadron, ENESA",201228,260919
RVIII,881,Cal,PM25,"Escuadron, ENESA",201228,260919
RVIII,884,Cal,PM25,San Carlos,210301,260919
RX,A01,Cal,PM10,Osorno,080101,260918
RX,A01,Cal,PM25,Osorno,080725,260918
RX,A02,Cal,0001,Trapen Norte,100101,100331
RX,A02,Cal,0003,Trapen Norte,100101,100331
RX,A02,Cal,0004,Trapen Norte,100101,100331
RX,A02,Cal,0008,Trapen Norte,100101,100331
RX,A02,Cal,PM10,Trapen Norte,080520,100331
RX,A03,Cal,0001,Trapen Sur,100101,101130
RX,A03,Cal,0003,Trapen Sur,100101,101130
RX,A03,Cal,0004,Trapen Sur,100101,101130
RX,A03,Cal,0008,Trapen Sur,100101,101130
RX,A03,Cal,PM10,Trapen Sur,090324,101129
RX,A04,Cal,0001,Entre Lagos,110618,110822
RX,A04,Cal,0003,Entre Lagos,110618,110822
RX,A04,Cal,0004,Entre Lagos,110618,110822
RX,A04,Cal,PM10,Entre Lagos,110618,110822
RX,A04,Cal,PM25,Entre Lagos,110618,110822
RX,A07,Cal,PM10,Mirasol,130605,150507
RX,A07,Cal,PM25,Mirasol,130605,260918
RX,A08,Cal,PM25,Alerce,170318,260918
RX,A09,Cal,PM10,Puerto Varas,210220,260918
RX,A09,Cal,PM25,Puerto Varas,200428,260918
RX,AA2,Cal,PM25,Universidad de Los Lagos,240301,260918
RXI,B03,Cal,PM10,Coyhaique,070301,260918
RXI,B03,Cal,PM25,Coyhaique,130301,260918
RXI,B04,Cal,0001,Coyhaique II,130901,260918
RXI,B04,Cal,0002,Coyhaique II,150625,170829
RXI,B04,Cal,0003,Coyhaique II,130901,170829
RXI,B04,Cal,0004,Coyhaique II,130901,260918
RXI,B04,Cal,0008,Coyhaique II,140101,260918
RXI,B04,Cal,0NOX,Coyhaique II,150625,170829
RXI,B04,Cal,PM10,Coyhaique II,130901,260918
RXI,B04,Cal,PM25,Coyhaique II,130901,260918
RXI,B05,Cal,PM25,Vialidad,171024,260918
RXI,B06,Cal,PM25,Cochrane,210310,260918
RXII,C05,Cal,PM25,Punta Arenas,131205,260918
RXIV,E01,Cal,0001,Consultorio Mafil,080101,091231
RXIV,E01,Cal,0002,Consultorio Mafil,080101,091231
RXIV,E01,Cal,0003,Consultorio Mafil,080101,091231
RXIV,E01,Cal,0004,Consultorio Mafil,080101,091231
RXIV,E01,Cal,0008,Consultorio Mafil,080101,091231
RXIV,E01,Cal,0NOX,Consultorio Mafil,080101,091231
RXIV,E01,Cal,PM10,Consultorio Mafil,080101,091231
RXIV,E02,Cal,0001,Vivero Los Castanos,080104,090630
RXIV,E02,Cal,0002,Vivero Los Castanos,080404,090630
RXIV,E02,Cal,0003,Vivero Los Castanos,080101,090630
RXIV,E02,Cal,0004,Vivero Los Castanos,080101,090630
RXIV,E02,Cal,0008,Vivero Los Castanos,080103,090630
RXIV,E02,Cal,0NOX,Vivero Los Castanos,080103,090630
RXIV,E02,Cal,PM10,Vivero Los Castanos,080102,090630
RXIV,E03,Cal,0001,Valdivia,150516,260919
RXIV,E04,Cal,PM25,La Union,171016,260918
RXIV,E05,Cal,0001,Fundo La Ribera,080101,090628
RXIV,E05,Cal,0002,Fundo La Ribera,080101,090630
RXIV,E05,Cal,0003,Fundo La Ribera,080101,090630
RXIV,E05,Cal,0004,Fundo La Ribera,080101,090628
RXIV,E05,Cal,0008,Fundo La Ribera,080101,090628
RXIV,E05,Cal,0NOX,Fundo La Ribera,080101,090630
RXIV,E05,Cal,PM10,Fundo La Ribera,080101,090630
RXIV,E06,Cal,0001,CESFAM Lago Ranco,110617,110822
RXIV,E06,Cal,0003,CESFAM Lago Ranco,110617,110822
RXIV,E06,Cal,0004,CESFAM Lago Ranco,110617,110822
RXIV,E06,Cal,PM10,CESFAM Lago Ranco,110617,110822
RXIV,E06,Cal,PM25,CESFAM Lago Ranco,110617,110822
RXIV,E08,Cal,PM10,Valdivia 2,180901,260918
RXIV,E08,Cal,PM25,Valdivia 2,180901,260918
RXV,F01,Cal,PM25,Arica,000101,260918
